model,accuracy,f1,roc_auc
RandomForest_Baseline,0.8576799734601349,0.45396690708527787,0.7883504396831015
XGBoost_SMOTE,0.8750414685392016,0.44607843137254904,0.7790482627516386
GradientBoosting_SMOTE,0.8804600243282097,0.4424961320268179,0.7820045974671318
LogisticRegression_Baseline,0.7466548711710715,0.36939168731076244,0.7667534708864565
