model,accuracy,f1,roc_auc
XGBoost_SMOTE,0.8750414685392016,0.44607843137254904,0.7790482627516386
RandomForest_Baseline,0.8350105053632644,0.44535315985130114,0.7926259420723876
GradientBoosting_SMOTE,0.8804600243282097,0.4424961320268179,0.7820045974671318
LogisticRegression_Baseline,0.7550591617825942,0.3734087694483734,0.7722402472499832
